{
  "temperature": 1.1020982801232808,
  "class_bias": {
    "apply_patch": -0.059378363076705326,
    "ask_user": 0.062329055916547284,
    "edit_file": -0.2915249047720702,
    "glob_pattern": 0.06572562481983904,
    "grep_search": 0.1527745044286697,
    "lint_or_typecheck": 0.062041863672532546,
    "list_directory": 0.1293566408063644,
    "plan_task": 0.1283754361174251,
    "read_file": 0.14463448901580384,
    "respond_only": -0.04695253042381397,
    "run_bash": -0.19429952613694926,
    "run_tests": -0.11591876427202341,
    "web_search": -0.08479446481147246,
    "write_file": 0.047630938715852694
  }
}
