{
  "fold": 1,
  "train_rows": 46666,
  "valid_rows": 23334,
  "macro_f1": 0.6650880936367987,
  "per_class_f1": {
    "read_file": 0.5225453013063632,
    "grep_search": 0.5347865576748411,
    "list_directory": 0.41184460744362944,
    "glob_pattern": 0.5656016315431679,
    "edit_file": 0.9091883203857487,
    "write_file": 0.9838709677419355,
    "apply_patch": 0.8065494238932687,
    "run_bash": 0.7381381381381381,
    "run_tests": 0.6964836520666255,
    "lint_or_typecheck": 0.5027237354085603,
    "ask_user": 0.5405714285714286,
    "plan_task": 0.5922944220816562,
    "web_search": 0.5080831408775982,
    "respond_only": 0.9985519837822183
  },
  "n_features": 81910,
  "classes_seen": [
    "apply_patch",
    "ask_user",
    "edit_file",
    "glob_pattern",
    "grep_search",
    "lint_or_typecheck",
    "list_directory",
    "plan_task",
    "read_file",
    "respond_only",
    "run_bash",
    "run_tests",
    "web_search",
    "write_file"
  ],
  "bias": {
    "enabled": true,
    "random_state": 43,
    "test_size": 0.2,
    "subtrain_rows": 37329,
    "tune_rows": 9337,
    "class_bias": {
      "apply_patch": -0.05,
      "ask_user": -0.09999999999999999,
      "edit_file": -0.05,
      "glob_pattern": -0.1,
      "grep_search": 0.0,
      "lint_or_typecheck": -0.2,
      "list_directory": 0.2,
      "plan_task": -0.15,
      "read_file": 0.25,
      "respond_only": -0.1,
      "run_bash": 0.0,
      "run_tests": 0.0,
      "web_search": -0.05,
      "write_file": -0.3
    },
    "base_macro_f1": 0.6444966307862,
    "tuned_macro_f1": 0.659859113112214
  },
  "elapsed_sec": 1509.8
}