{
  "fold": 2,
  "train_rows": 46667,
  "valid_rows": 23333,
  "macro_f1": 0.6621846319848191,
  "per_class_f1": {
    "read_file": 0.4804616652926628,
    "grep_search": 0.556849524977015,
    "list_directory": 0.4186556927297668,
    "glob_pattern": 0.57683670195701,
    "edit_file": 0.8987113759179715,
    "write_file": 0.980788675429727,
    "apply_patch": 0.8007106899615043,
    "run_bash": 0.732548118356794,
    "run_tests": 0.6784198498204375,
    "lint_or_typecheck": 0.49750534568781185,
    "ask_user": 0.5545509342977697,
    "plan_task": 0.5983827493261455,
    "web_search": 0.49876543209876545,
    "respond_only": 0.997398091934085
  },
  "n_features": 81901,
  "classes_seen": [
    "apply_patch",
    "ask_user",
    "edit_file",
    "glob_pattern",
    "grep_search",
    "lint_or_typecheck",
    "list_directory",
    "plan_task",
    "read_file",
    "respond_only",
    "run_bash",
    "run_tests",
    "web_search",
    "write_file"
  ],
  "bias": {
    "enabled": true,
    "random_state": 43,
    "test_size": 0.2,
    "subtrain_rows": 37581,
    "tune_rows": 9086,
    "class_bias": {
      "apply_patch": 0.09999999999999999,
      "ask_user": -0.05,
      "edit_file": -0.05,
      "glob_pattern": 0.1,
      "grep_search": 0.25,
      "lint_or_typecheck": 0.0,
      "list_directory": 0.25,
      "plan_task": 0.05,
      "read_file": 0.25,
      "respond_only": 0.25,
      "run_bash": 0.15,
      "run_tests": 0.05,
      "web_search": 0.0,
      "write_file": -0.2
    },
    "base_macro_f1": 0.661368157962503,
    "tuned_macro_f1": 0.6734214844708718
  },
  "elapsed_sec": 676.804
}