{
  "fold": 3,
  "train_rows": 46667,
  "valid_rows": 23333,
  "macro_f1": 0.6635319130766081,
  "per_class_f1": {
    "read_file": 0.4911603985856638,
    "grep_search": 0.5629724947723983,
    "list_directory": 0.4211099020674646,
    "glob_pattern": 0.5836477987421383,
    "edit_file": 0.9017832647462277,
    "write_file": 0.9887869520897044,
    "apply_patch": 0.806924882629108,
    "run_bash": 0.739476008242567,
    "run_tests": 0.6884517766497462,
    "lint_or_typecheck": 0.5369491525423729,
    "ask_user": 0.5434782608695652,
    "plan_task": 0.5526315789473685,
    "web_search": 0.47381546134663344,
    "respond_only": 0.9982588508415554
  },
  "n_features": 81880,
  "classes_seen": [
    "apply_patch",
    "ask_user",
    "edit_file",
    "glob_pattern",
    "grep_search",
    "lint_or_typecheck",
    "list_directory",
    "plan_task",
    "read_file",
    "respond_only",
    "run_bash",
    "run_tests",
    "web_search",
    "write_file"
  ],
  "bias": {
    "enabled": true,
    "random_state": 43,
    "test_size": 0.2,
    "subtrain_rows": 37168,
    "tune_rows": 9499,
    "class_bias": {
      "apply_patch": 0.15,
      "ask_user": 0.0,
      "edit_file": 0.0,
      "glob_pattern": 0.15,
      "grep_search": 0.25,
      "lint_or_typecheck": 0.15,
      "list_directory": 0.3,
      "plan_task": -0.09999999999999999,
      "read_file": 0.3,
      "respond_only": 0.0,
      "run_bash": 0.2,
      "run_tests": 0.15,
      "web_search": 0.0,
      "write_file": -0.2
    },
    "base_macro_f1": 0.6453813257979838,
    "tuned_macro_f1": 0.6587010999883499
  },
  "elapsed_sec": 534.188
}