{
  "fold": 0,
  "n_train": 46666,
  "n_valid": 23334,
  "n_train_groups": 6281,
  "n_valid_groups": 3148,
  "n_features": 248213,
  "nnz_train": 64712064,
  "macro_f1": 0.5950704668812055,
  "explore4_macro_f1": 0.4118139855567348,
  "per_class_f1": {
    "read_file": 0.37965162311955664,
    "grep_search": 0.40417853751187083,
    "list_directory": 0.42796967144060655,
    "glob_pattern": 0.4354561101549053,
    "edit_file": 0.8321263989466754,
    "write_file": 0.8760035682426405,
    "apply_patch": 0.6426267956610965,
    "run_bash": 0.694634703196347,
    "run_tests": 0.6553191489361702,
    "lint_or_typecheck": 0.4730831973898858,
    "ask_user": 0.51131971286582,
    "plan_task": 0.5528113504992118,
    "web_search": 0.4495575221238938,
    "respond_only": 0.9962481962481963
  },
  "elapsed_sec": 401.5453164577484,
  "classes_seen": [
    "apply_patch",
    "ask_user",
    "edit_file",
    "glob_pattern",
    "grep_search",
    "lint_or_typecheck",
    "list_directory",
    "plan_task",
    "read_file",
    "respond_only",
    "run_bash",
    "run_tests",
    "web_search",
    "write_file"
  ],
  "config": {
    "created_at": "2026-07-05T19:23:49",
    "vectorizer": {
      "analyzer": "char_wb",
      "ngram_range": [
        2,
        5
      ],
      "max_features": 300000,
      "sublinear_tf": true,
      "lowercase": true,
      "dtype": "float32"
    },
    "classifier": {
      "type": "LinearSVC",
      "C": 0.1,
      "class_weight": "balanced",
      "max_iter": 5000,
      "tol": 0.0001,
      "dual": true,
      "seed": 42
    },
    "n_folds": 3,
    "data_dir": "C:\\dev\\2026-AI-DACON\\data"
  }
}