{
  "variant": "char_2-4_mf120k_C1",
  "fold": 1,
  "train_rows": 46666,
  "valid_rows": 23334,
  "macro_f1": 0.6156024197537875,
  "per_class_f1": {
    "read_file": 0.4089310829817159,
    "grep_search": 0.43498817966903075,
    "list_directory": 0.3743119266055046,
    "glob_pattern": 0.42085152838427947,
    "edit_file": 0.8750499001996008,
    "write_file": 0.9590643274853801,
    "apply_patch": 0.7400907715582451,
    "run_bash": 0.7154566744730679,
    "run_tests": 0.675284702985534,
    "lint_or_typecheck": 0.4899749373433584,
    "ask_user": 0.5173913043478261,
    "plan_task": 0.5363984674329502,
    "web_search": 0.47150837988826816,
    "respond_only": 0.9991316931982633
  },
  "n_features": 78521,
  "nnz_train": 52261389,
  "classes_seen": [
    "apply_patch",
    "ask_user",
    "edit_file",
    "glob_pattern",
    "grep_search",
    "lint_or_typecheck",
    "list_directory",
    "plan_task",
    "read_file",
    "respond_only",
    "run_bash",
    "run_tests",
    "web_search",
    "write_file"
  ],
  "elapsed_sec": 314.39,
  "spec": {
    "variant": "char_2-4_mf120k_C1",
    "feature_kind": "char",
    "ngram": [
      2,
      4
    ],
    "max_features": 120000,
    "C": 1.0
  },
  "serializer": "compact",
  "solver": {
    "class": "LinearSVC",
    "max_iter": 3000,
    "tol": 0.001,
    "seed": 42,
    "dual": true,
    "class_weight": "balanced"
  }
}