variant,alpha,blend_all_macro_f1,hybrid_all_macro_f1,hybrid_delta,hist0_macro_f1
soft_alpha_0.5,0.5,0.7172592174830689,0.7176058302811054,0.00034661279803649414,0.4104363678629763
soft_alpha_0.7,0.7,0.7172592174830689,0.7183964819510987,0.0011372644680298638,0.4233444644208701
soft_alpha_1,1.0,0.7172592174830689,0.703533662242885,-0.013725555240183818,0.4226658519579538
