component,bucket,rows,macro_f1
linear,all,9969,0.6676495541547487
linear,sim,9287,0.6728573513699703
linear,au,682,0.5437194780232661
stacker,all,9969,0.7056611366010784
stacker,sim,9287,0.7169940179744462
stacker,au,682,0.49198778939962345
encoder,all,9969,0.7050885469078851
encoder,sim,9287,0.7169022797711165
encoder,au,682,0.5086999163924154
blend,all,9969,0.7172592174830689
blend,sim,9287,0.729706584336556
blend,au,682,0.5138063966844043
