{
  "baseline": {
    "e5_weight": 1.2,
    "mbert_weight": 0.8,
    "alpha": 0.9,
    "b4_soft_au_macro_f1": 0.7387722812652203,
    "macro_f1": 0.7387722812652203,
    "au_macro_f1": 0.7701676075636106,
    "non_au_macro_f1": 0.7356758606640229,
    "raw_current_macro_f1": 0.7225458252208838,
    "raw_current_non_au_macro_f1": 0.7356758606640229
  },
  "au_model": {
    "feature": "TfidfVectorizer(char_wb, ngram_range=(3,5), max_features=120000)",
    "model": "LinearSVC(C=1.0, class_weight=balanced, max_iter=5000, random_state=42)",
    "train_protocol": "nonholdout sess_au rows only",
    "train_rows": 4343,
    "train_sessions": 946,
    "holdout_au_rows": 682,
    "classes": [
      "apply_patch",
      "ask_user",
      "edit_file",
      "glob_pattern",
      "grep_search",
      "lint_or_typecheck",
      "list_directory",
      "plan_task",
      "read_file",
      "respond_only",
      "run_bash",
      "run_tests",
      "web_search",
      "write_file"
    ],
    "n_features": 111047,
    "elapsed_sec": 58.382
  },
  "rows": [
    {
      "e5_weight": 1.4,
      "mbert_weight": 0.6,
      "alpha": 0.9,
      "raw_macro_f1": 0.7207879482748873,
      "raw_non_au_macro_f1": 0.7337775817359823,
      "soft_au_macro_f1": 0.737137910341583,
      "delta_vs_b4": -0.0016343709236372739,
      "delta_raw_vs_current_raw": -0.001757876945996495,
      "delta_non_au_vs_current": -0.0018982789280406198,
      "half1_macro_f1": 0.7298787284468385,
      "half2_macro_f1": 0.7440828791190981,
      "half_gap_abs": 0.014204150672259552
    },
    {
      "e5_weight": 1.35,
      "mbert_weight": 0.65,
      "alpha": 0.9,
      "raw_macro_f1": 0.7210295181122196,
      "raw_non_au_macro_f1": 0.7339879135214031,
      "soft_au_macro_f1": 0.7372565881443036,
      "delta_vs_b4": -0.0015156931209167057,
      "delta_raw_vs_current_raw": -0.0015163071086642388,
      "delta_non_au_vs_current": -0.0016879471426197723,
      "half1_macro_f1": 0.7297885010908625,
      "half2_macro_f1": 0.7444277475830473,
      "half_gap_abs": 0.014639246492184843
    },
    {
      "e5_weight": 1.3,
      "mbert_weight": 0.7,
      "alpha": 0.9,
      "raw_macro_f1": 0.721453341562745,
      "raw_non_au_macro_f1": 0.7344677876324166,
      "soft_au_macro_f1": 0.7376975539827706,
      "delta_vs_b4": -0.0010747272824497278,
      "delta_raw_vs_current_raw": -0.0010924836581388542,
      "delta_non_au_vs_current": -0.0012080730316063049,
      "half1_macro_f1": 0.729727289300867,
      "half2_macro_f1": 0.7453855329684306,
      "half_gap_abs": 0.01565824366756352
    },
    {
      "e5_weight": 1.25,
      "mbert_weight": 0.75,
      "alpha": 0.9,
      "raw_macro_f1": 0.7216919043058826,
      "raw_non_au_macro_f1": 0.7347667209444145,
      "soft_au_macro_f1": 0.7380626969944436,
      "delta_vs_b4": -0.0007095842707767197,
      "delta_raw_vs_current_raw": -0.0008539209150012494,
      "delta_non_au_vs_current": -0.0009091397196083761,
      "half1_macro_f1": 0.7300079580511681,
      "half2_macro_f1": 0.745904748235389,
      "half_gap_abs": 0.015896790184220855
    },
    {
      "e5_weight": 1.2,
      "mbert_weight": 0.8,
      "alpha": 0.9,
      "raw_macro_f1": 0.7225458252208838,
      "raw_non_au_macro_f1": 0.7356758606640229,
      "soft_au_macro_f1": 0.7387722812652203,
      "delta_vs_b4": 0.0,
      "delta_raw_vs_current_raw": 0.0,
      "delta_non_au_vs_current": 0.0,
      "half1_macro_f1": 0.7308124360760131,
      "half2_macro_f1": 0.7464734262485979,
      "half_gap_abs": 0.01566099017258482
    },
    {
      "e5_weight": 1.15,
      "mbert_weight": 0.85,
      "alpha": 0.9,
      "raw_macro_f1": 0.7226307868517565,
      "raw_non_au_macro_f1": 0.7359677288514506,
      "soft_au_macro_f1": 0.739045706327059,
      "delta_vs_b4": 0.00027342506183869464,
      "delta_raw_vs_current_raw": 8.496163087268194e-05,
      "delta_non_au_vs_current": 0.0002918681874276574,
      "half1_macro_f1": 0.7306962222510649,
      "half2_macro_f1": 0.7471228705663292,
      "half_gap_abs": 0.016426648315264303
    },
    {
      "e5_weight": 1.1,
      "mbert_weight": 0.9,
      "alpha": 0.9,
      "raw_macro_f1": 0.7220894005462853,
      "raw_non_au_macro_f1": 0.7354314840223536,
      "soft_au_macro_f1": 0.7385580932994461,
      "delta_vs_b4": -0.00021418796577421517,
      "delta_raw_vs_current_raw": -0.000456424674598499,
      "delta_non_au_vs_current": -0.0002443766416693194,
      "half1_macro_f1": 0.7302668924234924,
      "half2_macro_f1": 0.7465591586696972,
      "half_gap_abs": 0.016292266246204834
    },
    {
      "e5_weight": 1.05,
      "mbert_weight": 0.95,
      "alpha": 0.9,
      "raw_macro_f1": 0.7217779357544953,
      "raw_non_au_macro_f1": 0.7350335086618277,
      "soft_au_macro_f1": 0.7381265237501456,
      "delta_vs_b4": -0.0006457575150746742,
      "delta_raw_vs_current_raw": -0.000767889466388505,
      "delta_non_au_vs_current": -0.0006423520021952012,
      "half1_macro_f1": 0.7299413715540076,
      "half2_macro_f1": 0.7460677667311498,
      "half_gap_abs": 0.016126395177142205
    },
    {
      "e5_weight": 1.0,
      "mbert_weight": 1.0,
      "alpha": 0.9,
      "raw_macro_f1": 0.7219261503014531,
      "raw_non_au_macro_f1": 0.7351098227882488,
      "soft_au_macro_f1": 0.7381896837512046,
      "delta_vs_b4": -0.0005825975140156814,
      "delta_raw_vs_current_raw": -0.0006196749194307127,
      "delta_non_au_vs_current": -0.0005660378757741391,
      "half1_macro_f1": 0.7296072221153889,
      "half2_macro_f1": 0.7466192040436054,
      "half_gap_abs": 0.017011981928216513
    }
  ],
  "best": {
    "e5_weight": 1.15,
    "mbert_weight": 0.85,
    "alpha": 0.9,
    "raw_macro_f1": 0.7226307868517565,
    "raw_non_au_macro_f1": 0.7359677288514506,
    "soft_au_macro_f1": 0.739045706327059,
    "delta_vs_b4": 0.00027342506183869464,
    "delta_raw_vs_current_raw": 8.496163087268194e-05,
    "delta_non_au_vs_current": 0.0002918681874276574,
    "half1_macro_f1": 0.7306962222510649,
    "half2_macro_f1": 0.7471228705663292,
    "half_gap_abs": 0.016426648315264303
  },
  "elapsed_sec": 28.757
}