condition,n_rows,n_sessions,top_label_14class,top_purity_14class,n_ask_or_plan,ask_user_count,plan_task_count,ask_plan_conditional_purity,ask_plan_favors
budget_lt_20k,5006,1144,edit_file,0.16080703156212545,366,237,129,0.6475409836065574,ask_user
budget_lt_10k,1440,551,respond_only,0.16527777777777777,169,128,41,0.757396449704142,ask_user
n_open_files_0,23498,9287,read_file,0.19363350072346583,2956,1232,1724,0.5832205683355887,plan_task
n_open_files_ge1,46502,8411,edit_file,0.1937120984043697,2424,1469,955,0.606023102310231,ask_user
ci_status_failed,22623,3430,edit_file,0.17977279759536754,1763,919,844,0.5212705615428247,ask_user
ci_status_none,19342,3220,grep_search,0.15060490125116327,1613,778,835,0.5176689398636082,plan_task
git_dirty_true,53701,8181,edit_file,0.16316269715647752,3698,1958,1740,0.5294753921038399,ask_user
turn_index_1,9000,9000,list_directory,0.202,1750,629,1121,0.6405714285714286,plan_task
turn_index_le2,17797,9368,read_file,0.1843007248412654,2461,912,1549,0.629418935392117,plan_task
