variant,macro_f1,explore_macro_f1,f1_glob_pattern,f1_grep_search,f1_list_directory,f1_read_file
base_argmax,0.7172592174830689,0.5620992873196784,0.6407766990291263,0.595679012345679,0.48089887640449436,0.5310425614994143
v1_override,0.7099493750905861,0.5365136836426392,0.6097060833902939,0.5930275229357799,0.43575418994413406,0.5075669383003493
v2_soft_route,0.7014252617619275,0.5293929437077602,0.6074380165289256,0.5852209431860379,0.428481411468179,0.4964314036478985
